{
    "modelStart": " {\n",
    "importForEachCustomType": "",
    "reservedKeywords": [
                         "abstract",
                         "assert",
                         "boolean",
                         "break",
                         "byte",
                         "case",
                         "catch",
                         "char",
                         "class",
                         "const",
                         "continue",
                         "default",
                         "do",
                         "double",
                         "else",
                         "enum",
                         "extends",
                         "false",
                         "final",
                         "finally",
                         "float",
                         "for",
                         "goto",
                         "if",
                         "implements",
                         "import",
                         "instanceof",
                         "int",
                         "interface",
                         "long",
                         "native",
                         "new",
                         "null",
                         "package",
                         "private",
                         "protected",
                         "public",
                         "return",
                         "short",
                         "static",
                         "strictfp",
                         "super",
                         "switch",
                         "synchronized",
                         "this",
                         "throw",
                         "throws",
                         "transient",
                         "true",
                         "try",
                         "void",
                         "volatile",
                         "while",
                         "class",
                         "description"
                         ],
    "booleanGetter": "",
    "briefDescription": "Defines how your JSON objects can be mapped to Swift structures using the built-in NSJSONSerialization class",
    "utilityMethods": [
                       {
                       "forEachProperty": "\t\t\"<!JsonKeyName!>\" ~~> <!VarName!>,\n",
                       "bodyEnd": "\t}\n",
                       "signature": "\tpublic func toJSON() -> JSON? ",
                       "forEachCustomTypeProperty": "\t\t\"<!JsonKeyName!>\" ~~> <!VarName!>,\n",
                       "forEachArrayOfCustomTypeProperty": "\t\t\"<!JsonKeyName!>\" ~~> <!VarName!>,\n",
                       "returnStatement": "\t\t])\n",
                       "body": "\t\treturn jsonify([\n",
                       "comment": "\n\t//MARK: Encodable\n",
                       "bodyStart": "{\n"
                       }
                       ],
    "dataTypes": {
        "stringType": "String",
        "boolType": "Bool",
        "floatType": "Float",
        "doubleType": "Double",
        "characterType": "Character",
        "longType": "Double",
        "intType": "Int"
    },
    "wordsToRemoveToGetArrayElementsType": [
                                            "[",
                                            "]"
                                            ],
    "constructors": [
                     {
                     "fetchBasicTypeWithSpecialNeedsPropertyFromMap": "",
                     "bodyStart": "{\n",
                     "bodyEnd": "\t}\n",
                     "fetchBasicTypePropertyFromMap": "\t\t<!VarName!> = \"<!JsonKeyName!>\" <~~ json\n",
                     "signature": "\tpublic init?(json: JSON)",
                     "fetchArrayOfCustomTypePropertyFromMap": "\t\t<!VarName!> = \"<!JsonKeyName!>\" <~~ json\n",
                     "comment": "\n\t//MARK: Decodable\n",
                     "fetchCustomTypePropertyFromMap": "\t\t<!VarName!> = \"<!JsonKeyName!>\" <~~ json\n"
                     }
                     ],
    "modelDefinition": "\n//MARK: - <!ModelName!>\npublic struct <!ModelName!>: Glossy ",
    "genericType": "AnyObject",
    "getter": "",
    "setter": "",
    "fileExtension": "swift",
    "arrayType": "[<!ElementType!>]",
    "basicTypesWithSpecialFetchingNeeds": [
    ],
    "displayLangName": "Swift - Struct - Gloss",
    "instanceVarDefinition": "\tpublic let <!VarName!> : <!VarType!>!\n",
    "supportsFirstLineStatement": "false",
    "modelEnd": "\n}",
    "staticImports": "import Foundation \nimport Gloss",
    "langName": "Swift",
    "author" : {
        "name" : "CodeEagle",
        "website" : "https://github.com/CodeEagle"
    }
    
}
