{
    "modelStart": " {\n",
    "importForEachCustomType": "",
    "supportMutualRelationships": "true",
    "basicTypesWithSpecialStoringNeeds": [
                                          "Int",
                                          "Bool",
                                          "Character",
                                          "Float",
                                          "Double"
                                          ],
    "reservedKeywords": [
                         "abstract",
                         "assert",
                         "boolean",
                         "break",
                         "byte",
                         "case",
                         "catch",
                         "char",
                         "class",
                         "const",
                         "continue",
                         "default",
                         "do",
                         "double",
                         "else",
                         "enum",
                         "extends",
                         "false",
                         "final",
                         "finally",
                         "float",
                         "for",
                         "goto",
                         "if",
                         "implements",
                         "import",
                         "instanceof",
                         "int",
                         "interface",
                         "long",
                         "native",
                         "new",
                         "null",
                         "package",
                         "private",
                         "protected",
                         "public",
                         "return",
                         "short",
                         "static",
                         "strictfp",
                         "super",
                         "switch",
                         "synchronized",
                         "this",
                         "throw",
                         "throws",
                         "transient",
                         "true",
                         "try",
                         "void",
                         "volatile",
                         "while",
                         "class",
                         "description"
                         ],
    "booleanGetter": "",
    "briefDescription": "Defines how your JSON objects can be mapped to Swift classes using the built-in NSJSONSerialization class",
    "instanceVarWithSpeicalDefinition": "\t@NSManaged var <!VarName!> : <!VarType!>\n",
    "utilityMethods": [
                       {
                       "forEachProperty": "\t\tif <!VarName!> != nil {\n\t\t\tdictionary[\"<!JsonKeyName!>\"] = <!VarName!>\n\t\t}\n",
                       "bodyEnd": "\t}\n",
                       "signature": "\tfunc toDictionary() -> [String : Any]",
                       "forEachPropertyWithSpecialStoringNeeds": "\t\tdictionary[\"<!JsonKeyName!>\"] = <!VarName!>\n",
                       "forEachCustomTypeProperty": "\t\tif <!VarName!> != nil {\n\t\t\tdictionary[\"<!JsonKeyName!>\"] = <!VarName!>.toDictionary()\n\t\t}\n",
                       "forEachArrayOfCustomTypeProperty": "\t\tif <!VarName!> != nil {\n\t\t\tvar dictionaryElements = [[String : Any]]()\n\t\t\tfor <!VarName!>Element in <!VarName!> {\n\t\t\t\tdictionaryElements.append(<!VarName!>Element.toDictionary())\n\t\t\t}\n\t\t\tdictionary[\"<!JsonKeyName!>\"] = dictionaryElements\n\t\t}\n",
                       "returnStatement": "\t\treturn dictionary\n",
                       "body": "\t\tvar dictionary = [String : Any]()\n",
                       "comment": "\t/**\n\t * Returns all the available property values in the form of [String : Any] object where the key is the approperiate json key and the value is the value of the corresponding property\n\t */\n",
                       "bodyStart": "\n\t{\n"
                       }
                       ],
    "dataTypes": {
        "stringType": "String",
        "boolType": "Bool",
        "floatType": "Float",
        "doubleType": "Double",
        "characterType": "Character",
        "longType": "Double",
        "intType": "Int"
    },
    "wordsToRemoveToGetArrayElementsType": [
                                            "[",
                                            "]"
                                            ],
    "constructors": [
                     {
                     "fetchBasicTypeWithSpecialNeedsPropertyFromMap": "\t\tif let <!VarName!>Value = dictionary[\"<!JsonKeyName!>\"] as? <!VarType!>{\n\t\t\t<!VarName!> = <!VarName!>Value\n\t\t}\n",
                     "bodyStart": "\t{\n\t\tlet entity = NSEntityDescription.entityForName(\"<!ModelName!>\", inManagedObjectContext: context)!\n\t\tsuper.init(entity: entity, insertIntoManagedObjectContext: context)\n",
                     "bodyEnd": "\t}\n",
                     "fetchBasicTypePropertyFromMap": "\t\tif let <!VarName!>Value = dictionary[\"<!JsonKeyName!>\"] as? <!VarType!>{\n\t\t\t<!VarName!> = <!VarName!>Value\n\t\t}\n",
                     "signature": "\tinit(from dictionary: [String : Any], context: NSManagedObjectContext)",
                     "fetchArrayOfCustomTypePropertyFromMap": "\t\tif let <!VarName!>Array = dictionary[\"<!JsonKeyName!>\"] as? [[String : Any]]{\n\t\t\tvar <!VarName!>Set = NSMutableSet()\n\t\t\tfor dic in <!VarName!>Array{\n\t\t\t\tlet value = <!ElementType!>(fromDictionary: dic, context:context)\n\t\t\t\t<!VarName!>Set.addObject(value)\n\t\t\t}\n\t\t\t<!VarName!> = <!VarName!>Set\n\t\t}\n",
                     "comment": "\t/**\n\t * Instantiate the instance using the passed dictionary values to set the properties values\n\t */\n",
                     "fetchCustomTypePropertyFromMap": "\t\tif let <!VarName!>Data = dictionary[\"<!JsonKeyName!>\"] as? [String : Any]{\n\t\t\t<!VarName!> = <!VarType!>(fromDictionary: <!VarName!>Data, context:context)\n\t\t}\n"
                     }
                     ],
    "modelDefinition": "\nclass <!ModelName!> : NSManagedObject",
    "genericType": "AnyObject",
    "getter": "",
    "setter": "",
    "fileExtension": "swift",
    "arrayType": "NSMutableSet",
    "modelDefinitionWithParent": "\n\nclass <!ModelName!> : <!ParentClass!>",
    "displayLangName": "Swift - CoreData",
    "basicTypesWithSpecialFetchingNeeds": [
                                           "Int",
                                           "Bool",
                                           "Character",
                                           "Float",
                                           "Double"
                                           ],
    "instanceVarDefinition": "\t@NSManaged var <!VarName!> : <!VarType!>!\n",
    "supportsFirstLineStatement": "false",
    "modelEnd": "\n}",
    "typesNeedSpecialDefinition": [
                                   "Int",
                                   "Bool",
                                   "Character",
                                   "Float",
                                   "Double"
                                   ],
    "staticImports": "import Foundation\nimport CoreData",
    "langName": "Swift"
}
