{
    "modelStart": " {\n",
    "importForEachCustomType": "",
    "reservedKeywords": [
                         "abstract",
                         "assert",
                         "boolean",
                         "break",
                         "byte",
                         "case",
                         "catch",
                         "char",
                         "class",
                         "const",
                         "continue",
                         "default",
                         "do",
                         "double",
                         "else",
                         "enum",
                         "extends",
                         "false",
                         "final",
                         "finally",
                         "float",
                         "for",
                         "goto",
                         "if",
                         "implements",
                         "import",
                         "instanceof",
                         "int",
                         "interface",
                         "long",
                         "native",
                         "new",
                         "null",
                         "package",
                         "private",
                         "protected",
                         "public",
                         "return",
                         "short",
                         "static",
                         "strictfp",
                         "super",
                         "switch",
                         "synchronized",
                         "this",
                         "throw",
                         "throws",
                         "transient",
                         "true",
                         "try",
                         "void",
                         "volatile",
                         "while",
                         "class",
                         "description"
                         ],
    "booleanGetter": "",
    "briefDescription": "Defines how your JSON objects can be mapped to Swift structures using the built-in NSJSONSerialization class",
    "utilityMethods": [
                       {
                       "forEachProperty": "\t\tif <!VarName!> != nil {\n\t\t\tdictionary[\"<!JsonKeyName!>\"] = <!VarName!>\n\t\t}\n",
                       "bodyEnd": "\t}\n",
                       "signature": "\tfunc toDictionary() -> [String : Any]",
                       "forEachCustomTypeProperty": "\t\tif <!VarName!> != nil {\n\t\t\tdictionary[\"<!JsonKeyName!>\"] = <!VarName!>.toDictionary()\n\t\t}\n",
                       "forEachArrayOfCustomTypeProperty": "\t\tif <!VarName!> != nil {\n\t\t\tvar dictionaryElements = [[String : Any]]()\n\t\t\tfor <!VarName!>Element in <!VarName!> {\n\t\t\t\tdictionaryElements.append(<!VarName!>Element.toDictionary())\n\t\t\t}\n\t\t\tdictionary[\"<!JsonKeyName!>\"] = dictionaryElements\n\t\t}\n",
                       "returnStatement": "\t\treturn dictionary\n",
                       "body": "\t\tvar dictionary = [String : Any]()\n",
                       "comment": "\t/**\n\t * Returns all the available property values in the form of [String : Any] object where the key is the approperiate json key and the value is the value of the corresponding property\n\t */\n",
                       "bodyStart": "\n\t{\n"
                       }
                       ],
    "dataTypes": {
        "stringType": "String",
        "boolType": "Bool",
        "floatType": "Float",
        "doubleType": "Double",
        "characterType": "Character",
        "longType": "Double",
        "intType": "Int"
    },
    "wordsToRemoveToGetArrayElementsType": [
                                            "[",
                                            "]"
                                            ],
    "constructors": [
                     {
                     "fetchBasicTypeWithSpecialNeedsPropertyFromMap": "",
                     "bodyStart": "{\n",
                     "bodyEnd": "\t}\n",
                     "fetchBasicTypePropertyFromMap": "\t\t<!VarName!> = try unboxer.unbox(key: \"<!JsonKeyName!>\")\n",
                     "signature": "\tinit(unboxer: Unboxer) throws ",
                     "fetchArrayOfCustomTypePropertyFromMap": "\t\t<!VarName!> = try unboxer.unbox(key: \"<!JsonKeyName!>\")\n",
                     "comment": "",
                     "fetchCustomTypePropertyFromMap": "\t\t<!VarName!> = try unboxer.unbox(key: \"<!JsonKeyName!>\")\n"
                     }
                     ],
    "modelDefinition": "\nstruct <!ModelName!>: Unboxable ",
    "genericType": "AnyObject",
    "getter": "",
    "setter": "",
    "fileExtension": "swift",
    "arrayType": "[<!ElementType!>]",
    "basicTypesWithSpecialFetchingNeeds": [
    ],
    "displayLangName": "Swift - Struct - Unbox",
    "instanceVarDefinition": "\tlet <!VarName!> : <!VarType!>!\n",
    "supportsFirstLineStatement": "false",
    "modelEnd": "\n}",
    "staticImports": "import Foundation\nimport Unbox",
    "langName": "Swift"
}
