{
    "modelStart": " {\n",
    "importForEachCustomType": "",
    "basicTypesWithSpecialStoringNeeds": [
                                          "Int",
                                          "Bool",
                                          "Int",
                                          "Float",
                                          "Double"
                                          ],
    "supportMutualRelationships": "true",
    "reservedKeywords": [
                         "abstract",
                         "assert",
                         "boolean",
                         "break",
                         "byte",
                         "case",
                         "catch",
                         "char",
                         "class",
                         "const",
                         "continue",
                         "default",
                         "do",
                         "double",
                         "else",
                         "enum",
                         "extends",
                         "false",
                         "final",
                         "finally",
                         "float",
                         "for",
                         "goto",
                         "if",
                         "implements",
                         "import",
                         "instanceof",
                         "int",
                         "interface",
                         "long",
                         "native",
                         "new",
                         "null",
                         "package",
                         "private",
                         "protected",
                         "public",
                         "return",
                         "short",
                         "static",
                         "strictfp",
                         "super",
                         "switch",
                         "synchronized",
                         "this",
                         "throw",
                         "throws",
                         "transient",
                         "true",
                         "try",
                         "void",
                         "volatile",
                         "while",
                         "class",
                         "description"
                         ],
    "booleanGetter": "",
    "briefDescription": "Defines how your JSON objects can be mapped to Swift classes using the built-in NSJSONSerialization class",
    "instanceVarWithSpeicalDefinition": "\tdynamic var <!VarName!>: <!VarType!>\n",
    "utilityMethods": [
                       {
                       "forEachProperty": "\t\tif <!VarName!> != nil {\n\t\t\tdictionary[\"<!JsonKeyName!>\"] = <!VarName!>\n\t\t}\n",
                       "bodyEnd": "\t}\n",
                       "signature": "\tfunc toDictionary() -> [String : Any]",
                       "forEachPropertyWithSpecialStoringNeeds": "\t\tdictionary[\"<!JsonKeyName!>\"] = <!VarName!>\n",
                       "forEachArrayOfCustomTypeProperty": "\t\tif <!VarName!> != nil {\n\t\t\tvar dictionaryElements = [[String : Any]]()\n\t\t\tfor i in 0 ..< <!VarName!>.count {\n\t\t\t\tif let <!VarName!>Element = <!VarName!>[i] as? <!ElementType!>{\n\t\t\t\t\tdictionaryElements.append(<!VarName!>Element.toDictionary())\n\t\t\t\t}\n\t\t\t}\n\t\t\tdictionary[\"<!JsonKeyName!>\"] = dictionaryElements\n\t\t}\n",
                       "forEachCustomTypeProperty": "\t\tif <!VarName!> != nil {\n\t\t\tdictionary[\"<!JsonKeyName!>\"] = <!VarName!>.toDictionary()\n\t\t}\n",
                       "returnStatement": "\t\treturn dictionary\n",
                       "body": "\t\tvar dictionary = [String : Any]()\n",
                       "comment": "\t/**\n\t * Returns all the available property values in the form of [String : Any] object where the key is the approperiate json key and the value is the value of the corresponding property\n\t */\n",
                       "bodyStart": "\n\t{\n"
                       },
                       {
                       "forEachProperty": "         <!VarName!> = aDecoder.decodeObject(forKey: \"<!JsonKeyName!>\") as? <!VarType!>\n",
                       "bodyEnd": "\n\t}\n",
                       "signature": "    @objc required init(coder aDecoder: NSCoder)",
                       "forEachCustomTypeProperty": "         <!VarName!> = aDecoder.decodeObject(forKey: \"<!JsonKeyName!>\") as? <!VarType!>\n",
                       "forEachArrayOfCustomTypeProperty": "         <!VarName!> = aDecoder.decodeObject(forKey: \"<!JsonKeyName!>\") as? <!VarType!>\n",
                       "returnStatement": "",
                       "forEachPropertyWithSpecialStoringNeeds": "         <!VarName!> = aDecoder.decodeObject(forKey: \"<!JsonKeyName!>\") as? <!VarType!>\n",
                       "body": "",
                       "comment": "\n    /**\n    * NSCoding required initializer.\n    * Fills the data from the passed decoder\n    */\n",
                       "bodyStart": "\n\t{\n"
                       },
                       {
                       "forEachProperty": "\t\tif <!VarName!> != nil {\n\t\t\taCoder.encode(<!VarName!>, forKey: \"<!JsonKeyName!>\")\n\t\t}\n",
                       "bodyEnd": "\n\t}\n",
                       "signature": "    func encode(with aCoder: NSCoder)",
                       "forEachPropertyWithSpecialStoringNeeds": "         <!VarName!> = aDecoder.decodeObject(forKey: \"<!JsonKeyName!>\") as? <!VarType!>\n",
                       "forEachArrayOfCustomTypeProperty": "\t\tif <!VarName!> != nil {\n\t\t\taCoder.encode(<!VarName!>, forKey: \"<!JsonKeyName!>\")\n\t\t}\n",
                       "forEachCustomTypeProperty": "\t\tif <!VarName!> != nil {\n\t\t\taCoder.encode(<!VarName!>, forKey: \"<!JsonKeyName!>\")\n\t\t}\n",
                       "returnStatement": "",
                       "body": "",
                       "comment": "\n    /**\n    * NSCoding required method.\n    * Encodes mode properties into the decoder\n    */\n",
                       "bodyStart": "\n\t{\n"
                       }
                       ],
    "dataTypes": {
        "stringType": "String",
        "boolType": "Bool",
        "floatType": "Float",
        "doubleType": "Double",
        "characterType": "Int",
        "longType": "Double",
        "intType": "Int"
    },
    "wordsToRemoveToGetArrayElementsType": [
                                            "[",
                                            "]"
                                            ],
    "defaultParentWithUtilityMethods": "Object, NSCoding",
    "constructors": [
                     {
                     "fetchBasicTypeWithSpecialNeedsPropertyFromMap": "\t\tif let <!VarName!>Value = dictionary[\"<!JsonKeyName!>\"] as? <!VarType!>{\n\t\t\tthis.<!VarName!> = <!VarName!>Value\n\t\t}\n",
                     "fetchCustomTypePropertyFromMap": "\t\tif let <!VarName!>Data = dictionary[\"<!JsonKeyName!>\"] as? [String : Any]{\n\t\t\tthis.<!VarName!> = <!VarType!>.fromDictionary(<!VarName!>Data)\n\t\t}\n",
                     "bodyEnd": "\t\treturn this\n\t}\n",
                     "fetchBasicTypePropertyFromMap": "\t\tif let <!VarName!>Value = dictionary[\"<!JsonKeyName!>\"] as? <!VarType!>{\n\t\t\tthis.<!VarName!> = <!VarName!>Value\n\t\t}\n",
                     "signature": "\tclass func fromDictionary(dictionary: [String : Any]) -> <!ModelName!>",
                     "fetchArrayOfCustomTypePropertyFromMap": "\t\tif let <!VarName!>Array = dictionary[\"<!JsonKeyName!>\"] as? [[String : Any]]{\n\t\t\tvar <!VarName!>Items = List(objectClassName: <!ElementType!>.className())\n\t\t\tfor dic in <!VarName!>Array{\n\t\t\t\tlet value = <!ElementType!>.fromDictionary(dic)\n\t\t\t\t<!VarName!>Items.addObject(value)\n\t\t\t}\n\t\t\t<!VarName!> = <!VarName!>Items\n\t\t}\n",
                     "comment": "\t/**\n\t * Instantiate the instance using the passed dictionary values to set the properties values\n\t */\n",
                     "bodyStart": "\t{\n\t\tlet this = <!ModelName!>()\n"
                     }
                     ],
    "modelDefinition": "\nclass <!ModelName!>: Object",
    "genericType": "AnyObject",
    "getter": "",
    "setter": "",
    "fileExtension": "swift",
    "arrayType": "List",
    "modelDefinitionWithParent": "\n\nclass <!ModelName!>: <!ParentClass!>",
    "displayLangName": "Swift - Realm",
    "basicTypesWithSpecialFetchingNeeds": [
                                           "Int",
                                           "Bool",
                                           "Int",
                                           "Float",
                                           "Double"
                                           ],
    "instanceVarDefinition": "\tdynamic var <!VarName!>: <!VarType!>!\n",
    "supportsFirstLineStatement": "false",
    "modelEnd": "\n}",
    "typesNeedSpecialDefinition": [
                                   "Int",
                                   "Bool",
                                   "Int",
                                   "Float",
                                   "Double"
                                   ],
    "staticImports": "",
    "langName": "Swift"
}
